{
    "Covid case": 1.0,
    "new Covid": 0.8764705882352941,
    "Govt": 0.5941176470588235,
    "virus": 0.5529411764705883,
    "PM": 0.4411764705882353,
    "death": 0.4235294117647059,
    "Virus update": 0.4176470588235294,
    "US": 0.3941176470588235,
    "Prayut": 0.38235294117647056,
    "returnee": 0.37058823529411766,
    "set": 0.3411764705882353,
    "police": 0.3235294117647059,
    "rally": 0.3235294117647059,
    "tourism": 0.31176470588235294,
    "quarantine": 0.31176470588235294,
    "plan": 0.3,
    "protesters": 0.3,
    "new case": 0.3,
    "lockdown": 0.28823529411764703,
    "Poll": 0.2823529411764706,
    "year": 0.27058823529411763,
    "hit": 0.2647058823529412,
    "logs new": 0.2647058823529412,
    "China": 0.21764705882352942,
    "protest": 0.21176470588235294,
    "seek": 0.21176470588235294,
    "new": 0.20588235294117646,
    "local": 0.20588235294117646,
    "case": 0.2,
    "charge": 0.2,
    "warn": 0.2,
    "tourist": 0.2,
    "take": 0.19411764705882353,
    "student": 0.19411764705882353,
    "coronavirus cases": 0.19411764705882353,
    "ban": 0.18823529411764706,
    "infected": 0.18235294117647058,
    "back": 0.18235294117647058,
    "travel": 0.17647058823529413,
    "school": 0.17647058823529413
}